{"cameraMode":{"drawMode":0,"name":"Shaded","section":"Shading Mode"},"sceneLighting":false,"audioPlay":false,"sceneViewState":{"m_AlwaysRefresh":false,"showFog":true,"showSkybox":false,"showFlares":true,"showImageEffects":true,"showParticleSystems":true,"showVisualEffectGraphs":true,"m_FxEnabled":true},"in2DMode":false,"pivot":{"x":0.7531297206878662,"y":-0.15583613514900208,"z":3.159745454788208},"rotation":{"x":0.1193542629480362,"y":-0.10468055307865143,"z":0.012643701396882534,"w":0.9872549772262573},"size":2.339794635772705,"orthographic":false}