{"cameraMode":{"drawMode":0,"name":"Shaded","section":"Shading Mode"},"sceneLighting":false,"audioPlay":false,"sceneViewState":{"m_AlwaysRefresh":false,"showFog":true,"showSkybox":false,"showFlares":true,"showImageEffects":true,"showParticleSystems":true,"showVisualEffectGraphs":true,"m_FxEnabled":true},"in2DMode":false,"pivot":{"x":0.00008970499038696289,"y":3.948418378829956,"z":-2.2900280952453615},"rotation":{"x":0.06021801009774208,"y":-0.9021415114402771,"z":0.13385945558547975,"w":0.40575236082077029},"size":0.976060688495636,"orthographic":false}